index,purchasers
12656,45.68496955356746
17040,62.38554239813397
2282,46.046364551204434
3379,69.43574428907418
10464,57.929422080876904
8443,49.20340426441969
4406,50.744050985453825
17605,53.94391636183967
14489,63.88653495306238
16254,56.077962793441934
17237,64.84956581682926
17123,51.41831898677186
9252,45.992453457472294
17049,66.99704542713049
11763,47.812087413380624
18595,47.47299255362012
21901,48.56928993531295
19891,50.32848022710388
20452,55.19892759507513
28393,69.63340941171717
10099,64.1126650284262
1513,58.64369802943121
4344,63.44969623609242
14755,52.30779387068184
20651,54.0945741302116
19065,56.384066801010874
22537,53.49385025312988
22989,56.735692839813964
8711,50.68953690294811
23980,52.01523011018559
11735,48.630613733090414
27369,54.031407673976105
5116,53.73375509072609
11877,50.598995918683755
21681,47.71732342103362
2869,45.27789503011422
16888,51.810109086782425
5664,47.863939832487794
14071,81.41136164988453
2975,59.596121971795334
18337,44.1931121492427
12268,60.718672181801466
8158,58.01779638704363
14737,52.055857252789366
7918,45.827668337224935
23443,51.50886297110825
11052,54.030455929747674
8145,70.31826278407068
16178,49.90877228310626
20158,45.69954073505143
2384,47.82112661904043
13685,52.977536504164235
97,59.58652830087198
14569,52.75015823602232
22683,51.28728059614226
3069,53.514844491437245
13062,74.417195318864
21078,57.531279984975086
7153,52.55106330258311
21795,67.10849680344936
16120,42.899833390742344
8970,49.3758008137386
6135,61.39727587347421
24998,62.41611771978506
2287,43.711306753166085
22378,42.53913129520291
5504,52.229037465779264
21074,52.13196617528996
26578,65.24197267974321
24039,44.67392360784877
15818,66.54554260714684
25272,45.148797448620456
25952,50.48224048079941
18642,47.43043591533595
2498,84.53269290125151
6236,48.65059708570534
15794,47.885586806022886
13171,58.284824702577254
11421,69.32352419892152
24009,63.068767842284835
1104,60.02584352732528
19291,55.934030432268884
24382,48.434552444651914
7535,52.11350990366993
4376,47.08429753166042
23379,71.84791219947604
20865,50.04182419574195
24380,60.367734741246764
19958,56.180935300697726
13212,53.023080574623656
22515,42.16846163089512
15916,58.24991921730822
2905,51.98342192064227
25851,54.39170912255862
3950,46.88354727781525
12256,66.11197932062926
5983,50.83200534654443
9392,49.202517773931824
8411,58.41711420452073
12344,163.87095430407945
15812,53.6832896027702
12725,59.27014494368444
20337,49.464662136795496
20240,46.21885629154295
17870,58.63517408771514
14730,44.59782210043026
11326,64.83501264518463
19438,96.08334483893847
1922,59.50618308672468
580,46.38136850587827
17800,58.754382335293144
10865,58.19775764617193
28504,77.05662038610598
9004,68.88293374645977
23177,55.38151478859655
5684,43.675143166057765
17665,100.59850354125292
15950,48.56497931288027
11270,46.663548666745825
9213,54.71303984763194
16871,49.65331689869068
15202,54.08130788194026
3844,51.92783881106638
26931,75.59524943643454
7801,107.03970521115795
7043,45.688312801519956
4149,61.74548726608836
25916,56.06784142450575
5721,84.74172196577207
2745,43.73501209281915
21555,45.382057088802085
1458,44.9919859058969
551,56.83679731050488
24734,53.380884267304374
9007,69.70197512595863
25776,56.12148722608259
16811,47.41261019905799
25142,48.474675650128724
24034,55.390339859977516
24797,63.936319552020066
5552,41.83396680437341
12532,50.5673747233891
8926,47.089702475997285
26594,73.28315034466887
9090,62.65187199302214
8940,54.33152685961572
7999,69.65031047879145
11683,105.57713120835669
18152,50.960845805617986
25068,52.93145745260365
4752,41.92775355076389
24967,55.427018097856276
26917,48.97599029429013
28045,57.50783381740469
27498,51.498154917380354
18127,49.40826735332226
26492,49.58145635391992
9254,46.237872977297876
21299,105.24535749124105
6843,74.65866531645202
22870,54.33759167194438
7950,47.36348368866021
12283,52.49110408461437
14074,53.39125545062883
17839,45.44537096579327
20051,49.970660052475466
20318,60.99876886634919
12739,49.940110885101085
23869,51.29532534891991
15594,57.14593449552571
13011,52.645246983968164
27549,65.94305276756634
19599,41.238314090653475
5394,54.817949572154355
14446,52.28054349708309
6134,53.05728772374538
26228,56.52962695723131
27256,67.63639903661759
8100,61.02370092604153
4462,49.82203306443631
20799,52.00079939937139
21824,43.01266850539549
9939,58.405159655880055
10169,46.63373199188529
4049,50.8160403771089
15100,67.03756507185238
27297,53.97696857980259
2120,42.00063697476684
12637,50.84917152848753
19350,47.87739484989739
21097,74.08505089803532
28173,56.19779698549681
11035,44.639783941122715
13777,51.30681647955687
23769,54.022772891556784
13138,50.38982116422027
10046,50.183361752913726
20095,46.43849679696698
5223,57.23613441394866
15325,55.756182708417505
11228,51.499703473122636
5659,59.56201859229926
26037,63.56951801437179
15163,66.28050488182812
27008,49.827706829230074
12221,63.48287499228313
23496,53.057763409535795
15032,52.45594970508443
18736,45.875628754461324
16853,60.70076744785613
21825,49.23188819031294
27313,45.04930514682518
11071,66.41378583452241
16016,59.49058831498919
22047,51.1327360386542
20639,49.25059280878904
15890,70.8008355065464
3299,46.22970834082825
23123,50.48363827255775
21618,44.970592704090265
27540,48.50065930548274
12844,59.91196814089464
27529,45.12464703023903
26609,68.47269468895107
22590,49.078130636642406
24238,50.07094947716746
24732,46.626359595052506
9310,47.6428743206546
12944,45.31683463054408
10937,56.74420469220948
22459,51.07605986168698
23909,51.75449215333226
23677,45.8709613845337
10038,47.72689154400459
9660,47.320554371991435
22438,56.518612420068436
22561,54.73155410023744
5872,51.60045026060121
5554,46.53773386622296
15205,98.80078724291923
14478,66.96911549863512
22715,55.5289392001068
4978,132.96491425982308
26533,45.612688928443305
15403,53.99661298500283
24678,53.28016863203907
15780,64.0127942484034
26759,50.21294806788572
3875,46.63215384671164
23331,49.009633578366945
6071,58.24788517938986
23294,47.42040006095388
7250,45.64377611892563
16116,57.44439906848613
19530,52.136350399341616
15626,89.03969898144362
25229,47.63123881149953
12055,56.23396500401365
25910,48.73966183442967
22134,54.14822967247787
24808,59.1288832447735
20428,55.27818703039026
21103,69.23873171383251
14545,55.21066947266415
20218,71.59109162184603
15758,55.49725679730657
22406,53.04690144700891
24937,59.92048390133192
24098,47.51505633136381
9062,48.03522354574051
13618,58.651939315345246
9247,50.075829757859
18357,52.92064703053338
3257,56.064428745533576
9101,54.622549702844864
19311,47.05517255158813
23021,49.367673183400456
24042,56.37303071208305
2477,67.06692873362717
9297,63.56316277874407
26428,48.60491941071114
8458,64.8527856756166
15019,42.83916881336571
274,44.392903380341565
21492,43.34359450662407
22410,60.77668883369043
22198,38.213340205313465
9993,55.10402842225667
2464,47.05517639418108
25462,46.90238582066056
11503,62.66449324630059
25633,51.584008059096654
6848,60.76550652425283
27712,49.63846330446948
9578,55.892534950658025
11322,47.838366372089254
26023,46.26564280742559
26172,54.66233146131643
8114,62.7226197927612
19629,47.137638550540956
15684,53.514844491437245
6536,51.4361197688001
9039,71.06448792068406
9070,55.36090519876672
2899,45.515983319708624
6770,101.41531899599302
14055,69.0775679253758
12990,46.639145492509094
23077,71.63225065141219
21650,53.54243671062836
2859,69.9799967053963
26327,46.20096899471341
14372,54.303826085987176
18423,48.045787219235436
25692,45.64270605137078
15028,54.89675731639902
3161,47.44924747807355
16982,54.11176022719454
20297,53.71120607416037
25025,50.4454345959762
12427,51.56302822752393
9470,69.04299731336187
26121,50.28583411937418
3917,46.50194419447284
15136,48.212080611704046
20963,47.26479026429131
1662,50.039617945757634
6778,51.477601910838075
18674,55.80839297596062
9530,50.166296864216356
17147,63.28961468454498
13489,57.774071187653085
5261,56.368400247624805
16133,49.02361074384641
25124,50.14533508919536
15468,56.45000365235641
28382,84.66577690650668
20524,53.15976934867193
27288,56.61746704208142
11801,59.12417983616234
21454,88.006040430397
25085,56.96699014155807
22128,55.77066084472691
4081,62.32837459721837
1110,47.44427487692195
25758,51.41905802381123
22933,68.98061190331708
10647,50.337730248046064
4685,54.46273986812237
3264,46.50624701430539
21724,47.1141323186767
17197,42.16407411246905
12561,49.31706484622601
18019,45.53672086612333
12518,54.244233338784845
24127,50.86476690120535
1434,44.99076794431366
22971,48.36450847019827
12189,62.520303857622594
22216,56.66263320316674
3452,47.89643369964906
19210,58.47465632308693
313,61.797047977708765
7407,46.124771662817125
6242,54.9427792215766
12348,63.33181177330711
14235,59.282717179741894
7677,46.16896527817617
4247,55.499816785834625
16946,57.2586317394183
14805,50.89805379915517
4439,47.89759763698666
5217,64.03844585601699
17126,56.406245446331795
21418,55.63267650118746
8959,51.3962682347131
21430,48.92729516043746
10425,54.50570852549417
22604,51.876556624394276
7417,47.98893146984101
14643,55.390339859977516
4815,39.041637428332436
25735,56.12780643078878
10340,53.30269253477918
27518,65.39670541923579
4772,54.68551796347152
15294,45.81937348589942
19135,55.064414226093206
14198,54.50401340050843
627,51.249867868670535
18957,48.82790361120274
22508,47.201872069762295
24924,52.60678430749331
8841,48.38125818539092
12134,63.895453917141964
19802,46.09073296802033
19022,45.12294187589252
24308,78.44869234065224
16184,47.59555581599416
16230,48.05214254227214
16471,84.32001052726912
279,58.21752920515266
4230,58.069036844290046
23144,58.62502265097784
14578,48.51523668662804
28193,44.242213669939154
12249,50.76074422814305
9935,89.32976123846832
27547,47.24796145679166
15632,61.8291282543374
16934,46.164422556636026
11289,45.61249200012818
5007,50.6968985372486
346,48.63450036357703
21455,44.685812359039986
14013,51.96212167599001
20840,49.46683596878433
9085,62.516565222370204
27887,73.7019498004804
3287,60.2506421610328
7725,42.30440843846311
14719,56.07844897500637
14412,48.9726027873845
4342,49.388009281646674
22279,70.80648312135861
16713,62.20629786356042
10377,48.6224129415394
23377,49.45468688877658
19211,53.26696954218971
11316,49.977399170681416
28119,61.14866898281037
734,52.28162125768674
9274,64.67592447183046
20127,54.53823573269599
12067,54.9053158165524
24907,51.988297873216794
19344,47.143913749386634
3699,50.25775957663673
14298,49.097068965912136
19574,50.256001532745316
27091,47.85790574180027
3980,63.8531311444044
7048,49.73815055865512
1537,55.50652549233246
23353,45.18717655855203
2719,52.18859091278542
28245,52.552255230305484
1599,46.06534333651886
17891,44.17729822430976
10521,60.49745013039494
15756,51.04084884249336
18150,56.3291704974474
8901,47.195045174176926
22495,42.7647121384962
12257,55.4555332169073
13678,52.461063253766454
706,51.069260946437616
8893,50.32664397825073
18350,60.69815628593416
22247,57.13316232691971
4833,55.93345910637095
7,64.32113394624123
11053,50.27753887102021
14633,52.63034348836376
11164,45.62491674978115
15787,48.998286478081795
12959,49.91338704358384
18524,50.18369569265603
13111,47.429364625311464
19613,58.92947068760485
17301,62.874239939112215
4274,57.282918281422305
22980,60.31719229461288
3814,49.50119923367469
1123,50.316569398388054
20299,49.81943272341947
13560,70.62036770258091
429,51.738676337720136
11075,55.86972085474341
1191,58.98318631141959
21037,53.20870991563223
21375,44.78214131669453
9444,55.45446718473923
7091,56.06594163695648
22958,51.53831077578882
25221,43.9281283397104
6743,49.29037764587955
352,56.29502782797067
19016,60.459449787493114
23386,43.359960492278525
14102,52.70456986278816
16739,42.67599563237199
19145,61.45970518602702
13573,59.45484639747362
26054,68.94484628654634
3504,45.58216267430705
20756,104.85383016352564
2130,59.62468843914664
13530,57.124040378151484
3411,55.65310264687775
16436,56.51405464627554
25575,51.1302217165733
25878,51.953945961155135
2141,54.4236111160396
15529,49.874820949090534
2326,59.8585568793056
22499,51.28079810206817
24250,56.310087820436266
6441,57.38695728075538
8243,56.646747565437586
16779,44.13301597868402
20553,67.3633675321364
14469,48.989868136329676
8519,70.482050360818
1669,53.295111116230494
19245,61.97231721715999
23513,61.15445018746787
867,49.978696995383714
13627,71.35769022396875
15994,58.935107174007186
21140,57.95226593141043
18697,49.51575292104285
10428,56.061234193283454
19520,63.452152288978326
21162,53.61222039614452
16416,72.65450989929201
27087,51.52540043617885
12877,59.832764637518835
5366,52.446897536581965
3691,61.68817946212311
5035,57.108185331859154
18410,57.60979687035452
13502,59.94515061935886
19187,48.227174168248325
18489,60.04943705124479
24669,47.216862005801204
1407,57.621692549621
26188,51.42494356104781
4731,50.78176227468239
23057,44.90839260191615
25558,51.57880551507402
19818,46.91248171568773
18652,49.24161632996158
13884,100.78586768519088
20329,51.301417870409935
13821,60.567137396812704
27082,51.22133185631814
25302,44.49083423107428
16717,62.46261635803202
24411,46.06408504098982
17942,60.24061724086502
5389,58.71343627564427
7793,52.77057654184736
23507,54.96727844572744
17919,48.679698081145894
19047,56.62150009400764
13708,75.02580815374186
17799,44.886649728970625
25437,66.94707485204256
10990,48.77877548643838
26626,54.139260041485684
1442,46.030597281340384
23879,46.61659866652158
9978,79.75833004283592
24268,48.2367041488575
19604,87.8695500078268
26889,85.7791697953439
10880,55.62423448892897
22080,79.68648588643609
9330,47.50342410751103
13245,42.82336491238927
25199,56.19908522077368
13493,51.85000928792959
4970,50.7973167538499
19829,48.65459457145931
21400,59.91915569534408
22455,74.28242369353727
6945,60.4600356890168
5672,61.68696446966194
18397,49.40001964603875
26243,61.48637517082352
2753,46.02788319780475
853,45.95956631389125
20490,45.979508149991126
13736,80.58870819476303
12796,52.56378034350117
5938,83.57066004170716
2584,48.721258853502185
15912,60.36921933730486
6207,50.371775093584155
27583,49.46834231859315
20716,47.54189396017596
23100,55.36730729849174
1389,61.08849820880249
15861,53.88941342983604
7364,45.68252867721136
10313,107.18264857654003
15764,50.93596005435545
5590,48.777127300065665
3211,60.32659473611144
22928,61.16815554120915
3230,56.01222453309974
14241,42.867063538475726
3593,46.22855707812481
23318,53.73949061727479
7651,60.34427421548149
10039,69.72497686104494
21725,45.70686389466868
21781,57.54727073666335
4581,61.16006165694771
2202,72.48378739461602
12609,44.008173588610134
16222,46.77458708808344
21051,70.75242183472201
10728,48.574315034000634
6949,49.54426591255598
2154,49.87016871199538
3972,60.66648811174094
2919,48.98470526438562
14045,53.27530981127747
11277,66.57355201818814
14612,47.06963583101777
11019,57.74434660791263
18415,50.233241098458045
19619,46.78360264995773
15431,69.6368308410635
24852,53.51099050153051
1228,54.47038637748393
27742,49.400265589165635
10220,84.93044116129094
10430,55.35450748131133
23163,55.44475622850851
3384,50.50684797858187
7475,49.31910902265731
11510,51.20417810831881
20327,52.336149947939525
2044,71.85052828727478
20008,57.635938623037916
9510,61.10225104779545
26807,44.44929989926972
3285,49.79322657511723
12322,42.23390770504894
21395,63.13248746956552
26410,50.8433554733401
25771,51.23927908931557
8486,51.33150908441973
12418,45.22279858346062
12355,55.715735705504486
3712,58.49161008120705
4169,50.67687591828426
24031,47.26954521552029
16632,49.15033728423861
3965,56.093253042879994
3054,63.69491920351897
7574,45.39739010234687
463,58.5160934292492
13083,55.59301433332708
11336,53.00408464247505
11818,55.74212255031313
14804,53.37798577526823
11133,54.98542644330748
2142,51.71369552009054
14050,51.56699727507983
10105,70.42855049393575
10393,50.74726363025125
844,49.99719668640934
2983,51.05155904536649
13819,57.96587974518885
26331,68.29501351722234
6333,72.29209685825862
7428,53.372059296288135
26406,54.54828272555399
10222,51.27792852241423
25717,45.96587163024228
14468,88.71785338339106
47,49.93066742063481
26834,45.78051414179782
12550,63.84626604328955
17935,47.018344993524565
8944,50.979410860810425
24518,51.03648683456894
13614,53.179983826556786
23176,80.87908026091142
27827,60.57746228968857
9160,58.69618180248166
16824,56.69154912976336
24154,77.6581070635192
398,58.1751336056404
20859,58.808260253798515
5776,61.52867889980814
25693,77.7664096077717
244,51.50648332075685
24393,60.61126620036217
27345,45.860759057951256
18010,61.29073960604167
27983,56.58912827459209
13054,85.88425983523463
517,48.664206083371326
7800,54.478926100219354
20397,54.820644073894115
20548,46.592271155860516
3442,65.29466581047471
20410,66.68094198239623
24903,52.32425306993028
9435,49.90383699541801
24169,55.4134632026882
9145,52.80217072079124
5384,53.62150322035672
25078,50.20722820352492
4450,76.45370324922473
13130,52.995800413908896
22384,44.11085145702347
3078,51.721109996329
27639,43.683268679716164
25320,43.43186170682165
12750,47.23598178243716
16804,46.65665319442067
27914,50.519135735293794
3923,48.66400975002358
22077,50.843592039108984
13784,55.527573948759844
3746,51.151246558260425
16367,48.37962415025006
12806,46.686368192387405
13686,62.515594029822395
13873,66.0295969592137
3499,67.10813221462512
7720,46.800013211941135
3319,75.10829300900973
251,47.063825311294664
14868,45.479444213785236
13632,55.97357503884208
19912,44.482946750821455
17873,48.79412009264895
7812,52.62004117037747
17688,57.42913845829463
24326,111.05789567018758
5954,72.67985655396411
17987,120.50601646147007
18481,53.586293903243934
8345,45.066189307684446
25498,56.38790991646156
16615,63.11664046853148
8088,56.374078724197105
15509,51.865085993104195
23699,51.534683587919154
11236,47.48521612937601
15443,49.60144975805349
17294,54.947833735418655
12079,51.640229788615684
22114,42.04510996517901
28249,48.53216338907533
19496,78.4844488243343
1556,50.367982471920314
2773,48.06445408676168
10581,56.3081366948672
3781,49.85676370458059
3474,56.29042235782512
211,46.75147847446681
22877,49.458733790948635
12830,53.971555218453986
5260,56.47642768638975
22711,53.62353240317653
23514,60.77350029136592
13526,51.346863032435394
24611,59.46926811777023
17239,55.56456796217594
21107,63.50670578530328
6715,64.47665593610836
5326,54.163380075667305
21391,51.38817630393811
24928,59.11616911312015
14396,55.95248106099831
17247,91.63614861474711
4860,75.77937342623343
11766,52.156527636817074
10743,49.312764439159984
12285,55.46257793680971
22435,60.528739254613356
23866,76.1083975006091
19792,120.31846725305448
23459,52.37031729968975
26289,56.33033468694425
1759,53.3654350848294
7540,51.94530338736278
8704,53.796289790428375
24213,107.45782264270586
12504,55.494544676202494
26530,49.161839147598165
4973,51.49967782266404
14735,50.65920387041425
22874,72.17505540459456
10982,45.506850829288226
11888,51.11594091758471
21192,55.3867240890533
8518,55.93733092919618
16144,57.348112935358515
6889,52.01837432225502
27532,53.00330041835417
21028,58.99522169755473
10715,54.13715120045203
22905,44.35347391222497
23340,47.87496300713106
10014,54.963197249491316
27795,51.501051416229565
11942,55.52848765108129
2944,70.15645756011484
2642,48.84364162747984
19561,51.85349846865105
9762,58.71993952556114
21265,81.5027458992729
14024,57.8707467012802
17345,50.794151639591625
14785,58.400810850637356
16432,55.12793503522943
3674,56.71824638999457
17826,41.86175473113279
25344,65.58882947381812
16511,48.27912777774019
12011,106.97022807995717
10871,56.46627225262385
27399,51.947256542194935
8399,66.52261344690228
14453,49.94043277438843
9533,52.08649108851659
9280,48.60410960644883
25524,47.44234069435946
20578,46.62835650635209
3351,65.28197074626121
14215,53.20810930531204
22246,45.71915973507926
23530,48.305668494374046
22355,45.64486229586097
16913,49.2672760485314
10949,65.05380774330848
18378,49.49847394349172
6523,74.10585657914795
13913,69.48320389487185
4004,53.15684750108626
21598,49.313036336290345
8937,48.613945590825686
14922,60.86759411330242
14993,50.82474656329777
8820,48.11248962341333
675,47.44515855340213
13582,52.66132206232317
20402,47.51776251511186
2276,45.630222692835574
20792,59.359121261216785
11239,43.41682830569662
7256,48.570958683778244
26182,60.22451993477442
14641,58.093198887073775
20405,50.53955901773673
21070,86.19165521868497
1484,55.494484919254745
2677,50.00977396290877
6825,48.686492765943896
18601,59.75612042544496
8659,60.349065038826865
1289,56.78115304322202
15685,44.86675227463893
23428,79.01174265459763
5200,57.93401705138153
20823,50.58467948257523
21843,54.29012878805615
9685,49.0859443444177
27656,42.94193779133033
10193,52.21921219704009
20601,54.08343672496295
26178,54.36135907725528
27260,45.96559055032541
23586,44.45590802825276
20767,53.652694764879925
28024,64.41228215122759
16694,57.71947862210109
2852,48.249517410911395
3609,45.59605879400162
12215,64.75958496277866
1838,54.0904330833489
53,58.977666470159484
23690,50.20075163751308
6268,48.86264666896301
7503,77.49833264244083
16942,55.44244493701799
20894,43.40367976176758
10053,57.756233143466915
28367,61.19842087113385
12833,48.617854784746584
27294,53.271176456199576
5027,72.18006279384963
5049,55.12109428473685
7205,51.00346780094364
22584,57.9445271645134
6505,57.03889674539668
16805,45.29674440765851
13805,62.454005399253866
26064,55.856954152145875
9164,47.939643537079306
4673,54.59506283998576
22833,63.62823007383226
19166,46.25110088159118
14019,48.0830399753733
25268,52.19400540779075
502,48.34794790064081
7354,55.34547441104524
16198,51.5528188168191
6837,58.984495326534244
3198,56.37388949630348
12660,58.16446334266721
5175,46.82870318255916
2347,62.68369199953369
506,52.209360208937326
24584,57.328551841712176
3426,57.770787885902216
3059,52.05779187250629
9959,59.49975443664748
11730,47.42684236916569
11300,55.372260079261636
8770,91.91263794606465
24344,65.16523990422478
20973,57.31635884127802
26706,74.42181677316516
100,58.954345423887524
19214,50.09691449122453
27371,67.64514423228758
22054,53.46662242869731
18275,56.07807960080321
8106,53.06164400599018
197,50.654989564507424
25942,64.39422324575014
5313,48.18954258406096
27848,57.04706635148621
3707,48.71046948532704
21745,51.42590183293124
1093,50.373426215970625
10012,48.68477404074546
21403,69.37687480228901
6012,44.671771769533365
21831,83.68761464654885
23592,53.33520704530177
3695,46.99283735480691
5815,51.6818153771398
342,47.95164404040197
14054,50.23676267926627
13174,57.187085180436554
19233,55.20861782071254
14919,55.1980858440127
11837,44.40213608712309
21346,67.57244247937598
23201,52.54730196342441
16268,47.4389160860884
22236,61.20285107004854
24329,68.22732636602245
24969,57.073426928203915
17981,52.94796154896444
6025,53.031915396993305
22120,56.054552699252376
5557,73.28228647795612
22221,49.91338704358384
3519,54.862815780846
7319,46.45974037720852
5428,45.43471189331625
20775,52.69410341260015
12424,67.1179601346731
9363,53.66793524424763
2948,61.69095004343811
26818,50.948512693356506
6481,67.71854325273557
20454,47.62847810169531
6503,46.29851349440813
23536,44.57350575601126
13904,62.80250757617739
10414,57.92993448545401
25361,55.37093723115923
8945,45.20388350190416
20944,62.1741993535945
16464,51.15745700260589
10342,49.046722205699076
12933,74.16237941931837
6036,49.119385807534485
27104,53.04293913302824
1054,65.1857733215401
16600,48.46359033405986
25502,63.18239531183892
5426,44.916537458240676
10815,45.33585003663679
3994,52.873109015430884
9996,47.95860668389212
7404,48.67350602744669
3397,51.22302829613442
9424,51.521975417821515
7504,75.47564387797124
2465,48.588500325127654
6649,49.18448068744917
20301,51.3715044561166
18130,45.537533112962635
22710,47.12554267151385
20079,67.37292876409933
9404,47.33086483026991
3835,49.89247576623568
6634,72.31595148181495
15169,54.92410098960968
22184,49.731367950209275
12508,51.8299008019482
6816,67.9272574423566
25160,79.36715360444111
11948,81.08186296943623
23678,50.23406750473602
26110,48.87124383464669
15143,89.71489602243003
15061,70.58280801173584
23887,46.9936640704591
10398,55.26417608743859
6188,50.90908725781858
20016,45.72320587629388
1969,46.98041599173246
23749,64.91959622385474
4059,46.736095791097505
9057,60.74215954911962
26811,56.16194650966321
4570,45.47804579888961
22614,58.520440816980724
7723,54.78498667235303
20698,45.036464419270224
6548,60.23993565158463
16363,48.70920489717497
16919,57.50783381740469
7064,60.5725435124336
2951,61.44764666959598
22629,60.81242161590465
26879,50.26247261379833
8811,55.161299635233284
17212,51.0031646986518
23673,72.18644685948621
6205,62.82108594269911
28283,70.72023395390447
12801,60.98247136405744
14656,41.20904255259515
2956,55.21778458992447
19551,88.54860777030567
6881,59.559072481505
13469,49.37227619583357
9987,46.68688148672545
9148,50.46800061174122
1247,47.2873180470167
22048,60.60186547690291
11207,50.00879358824578
18527,53.82281757413383
23115,45.53793503573817
8232,48.11261425773786
1413,59.16430056299045
3639,48.67018340956986
24799,51.229142758533925
21204,56.60451038852259
20794,58.80846919112417
4037,49.32638177141936
9139,58.76282034509327
6396,55.11751231444579
2731,45.17501975648398
17203,49.820916691649636
26534,65.28756424590865
7302,47.23936389566488
23698,53.546384963424984
18372,55.86225936902629
20541,48.91304864996325
4161,48.39333694977841
16201,51.32245178230737
14921,52.444048932452795
10753,47.071366749786065
14472,50.369398415544765
9074,68.4217454597582
17563,62.31017039325749
16111,47.038003071925566
26845,45.352244957358764
15000,51.36220823717001
17757,52.59408917239248
17220,49.832512364805716
6026,51.18621918973631
3924,46.703553687385046
10409,57.943898238872436
7025,52.67057772769344
14576,48.961405188843926
20808,54.78283473840104
7199,45.80589052927157
25018,46.94540456745239
17599,70.99590745518776
23010,66.05885591364736
275,50.950581912491046
16798,47.08787495480394
20275,46.37946165498685
13095,56.67497923417959
10085,66.97934096160047
10860,60.286884955164915
22972,58.29321371629017
24148,54.95681288476548
4470,49.41012940598676
21359,52.364343032380546
27229,44.86817373778584
14827,47.03507957180231
13226,51.62679034710701
28145,102.19627903651843
15847,72.28186409709073
27111,64.4083000862348
16385,47.52293110175372
15571,56.19231969807326
13163,59.20526099885451
21258,69.34562748984428
8152,46.197892669402584
4071,50.75541724152746
23768,52.569929035893345
10549,47.28807422393268
15010,45.684341941369254
18742,43.700531269533315
21909,53.019150823695064
21421,51.896084294854816
25130,75.85619286790809
24887,46.36374589997638
9241,49.84904263443506
8239,62.60070458787871
14794,43.36326383712688
10300,62.150383134812145
944,48.71774554022797
23449,46.28076605174698
21285,55.39669669572055
11404,49.139787896281035
24504,49.25427150440771
2241,55.3418990561282
2902,56.466970787117184
6253,50.536958478568955
15014,63.40977546023413
10091,57.401587726795256
7050,58.006326436321686
27255,57.18630078666586
21235,62.23089452828319
1397,54.53763926021862
574,49.386206400885094
14658,46.44178845850817
18477,54.372254777057776
17897,46.28294097823351
11356,59.00969090078245
9292,46.669654432401316
906,44.95287837417982
14779,66.61902377609573
16059,61.66410737369942
6400,63.38470752172736
18760,54.65945064437889
10283,53.508195740673855
15542,51.04469415821747
7707,45.78832702411962
2497,48.34061484024516
5781,56.83620241706263
19114,55.66394088001054
18671,45.769860753803876
5706,44.5829932611502
18776,66.78426376706065
24541,51.65744108200275
17288,68.55730623021498
9195,59.464592162164536
1711,52.3040850484001
20285,51.360399156627516
12961,61.87816768739138
27776,55.604583452396895
19576,54.119959422582866
20303,43.17517283014988
11867,52.95475160096245
20335,54.01536248078904
4716,125.23487470374303
2603,44.40933877137771
23726,44.63857923808182
15531,54.157747477598654
10690,63.80246400657066
15304,44.74014390883707
13642,57.04632544384947
17051,50.73342375555485
9634,50.283892533677054
19181,51.30252117914953
11317,47.49832606882638
13025,47.794434066639056
3330,64.46176846620095
19700,56.45230775883628
21209,70.11550571396927
4038,47.889160704423894
12458,53.35594370142216
11473,72.07077335935755
17279,52.63975508235204
6174,52.02276224216518
23434,52.85011429711592
21742,63.16854806239942
3596,53.72391104313618
4521,50.872998797078985
7923,51.125290669116985
9001,49.07754284095149
22778,70.63172000394754
12130,64.80839327134206
25372,56.6631968514497
17498,45.1119799635359
21837,80.84761043521398
10471,49.815733865020036
19747,56.39924303490848
26238,72.79260123102961
26352,67.5053698032055
4321,46.31180448124339
15134,51.813273500372496
27407,51.58168822755947
7761,48.78525707983414
21646,74.76430329644734
5599,54.82360868917705
8342,48.73672356465352
17886,48.9511475333488
7752,61.006920984950746
23729,51.756944021204376
3940,52.89209606198452
19368,56.21642079868669
3800,46.88161269158078
25599,51.577014177115565
27818,59.942577652495
25457,46.47690277866697
27250,49.75521001444077
12918,49.970592213718746
22034,95.74762968473092
11558,58.25863986759308
23977,54.584599130539104
24652,60.933279104167084
6827,62.85559200592078
23574,48.26972215160073
14854,59.913431490645834
2508,45.97181587090403
3483,59.01317243878772
16246,70.02665414314069
4745,54.68848257662088
218,58.33135849166168
9021,55.356547257023976
25858,47.294547428850066
912,55.61770000967796
17835,53.620849246065205
5508,52.528442493058996
12638,56.77305097698077
17529,46.41012683812407
289,55.92059506614126
7005,58.30527187242412
9626,55.267758550516824
1331,54.96658555960486
122,56.97666241358189
13499,80.00447409473148
891,43.0333694511148
10204,58.475651808487534
9976,53.88154403717172
11061,43.40021516387756
21457,42.93623433503234
20459,55.502649578184965
22167,47.411750961027145
11944,45.751167600499365
9761,49.28528384560718
8501,54.90064482493119
2820,56.08991260861163
24985,54.03767841855069
23423,53.60503372935757
13939,50.697526261471936
9411,57.82215073373993
21036,114.32055168119302
7331,89.40627455530267
10550,51.81256455593914
21879,59.495290109604596
15962,61.71808525071481
1428,50.61379066339397
4304,58.94773223375665
11119,43.27984164127391
15668,49.017716204730874
12651,52.97857691560981
17025,60.70388316929095
12585,55.848800410641935
3821,61.31099264908914
25263,48.768713111885525
14593,56.218083134133714
9486,58.402971893323915
24383,55.74895690013609
21105,60.35994762041824
11727,74.58623483271028
19249,44.307917022554605
4795,53.78293421315324
8764,48.80676160640253
16984,55.24878286484423
8185,69.3553301628298
8829,49.48800019842205
26732,48.14555559715099
14533,73.0973445065541
27865,58.686613829761825
21757,46.31025296839374
5019,66.48650135037073
16748,45.07201237758445
17867,56.663231515723304
15297,51.04399886078783
27103,54.863537782287004
20271,48.58171716467268
15608,75.4263006508486
25549,60.26299076620973
25780,48.5577580675183
21111,60.568846346722985
13258,60.70294206754196
13103,44.687650624908734
17853,45.74320462516816
16258,49.48560631990568
11833,43.6818130840506
24306,57.96754898451591
9501,53.990230441003675
4345,47.871518433431014
22723,54.26369256657708
7601,51.28002438928588
21040,52.90022109088705
25161,53.17413274045678
23360,52.06340472257821
23620,45.18723233005923
25508,49.004100937914565
10133,47.3919433286679
13311,50.75755743526523
12709,64.9949264841594
14220,47.13613853336495
10323,54.22814438864204
22811,77.34375444627383
27366,55.7851242002884
4098,82.0537879759621
18151,45.046352784137426
5800,47.46743411458476
18810,49.47764126836443
26150,81.01686240189525
14887,47.14256857886235
13759,67.3675458488654
6225,44.91444772335225
25754,68.0366733939206
9548,62.047990239089614
402,59.47181687215817
5103,83.28711976491431
11989,55.212192211866395
21720,56.51405464627554
8715,55.31517284605496
19437,93.08556633378248
18117,56.07469362543391
25601,51.30169089270406
9673,57.632584326012235
21410,80.24985764613824
11148,47.45365986555734
20890,59.82119506199646
4818,65.15256328146889
3663,43.33902760440617
6683,54.94085205794334
21714,63.658661751587445
24529,70.50680111535111
22909,51.05170108180169
2209,46.80918027951569
14340,49.43517605824667
15557,69.99254023277678
20719,60.81144658660472
15365,51.95612976535642
4520,51.425844972511584
5161,44.654120193349335
28411,51.84951817102605
26413,52.48585293813307
3399,58.777660177255626
18680,59.03185720851795
16636,44.853861229548
26739,51.296015811525436
1973,49.78306599043246
23691,49.696795624501014
9688,50.812320251297386
22138,56.819879545581
28124,59.18974700060863
28428,61.877676694929
7780,57.59585714662437
10508,70.54964541062782
17224,72.71877439964116
19734,50.62237582966046
25090,48.89947087257321
7686,45.16395385779797
324,47.165977621835246
12147,49.646583993677844
1611,101.11917599965552
1088,61.86623698562026
2394,47.42876005882201
9253,46.59726129203434
9422,52.58073647433237
15768,44.072435319362164
22553,48.31783634048279
18079,48.94853252922652
21716,50.27671847103227
7327,43.18101063742893
1476,46.675555308041524
25444,46.25726372241145
24299,49.9587904568904
21541,43.463428732495785
1504,54.34295062951449
3109,55.643584213969426
22634,64.20754482170196
12394,46.11455864953608
2222,46.319236827698376
12987,48.47203536861124
17461,41.52766432522009
8576,46.00364104310201
21529,51.615401399225334
16482,50.22640194913464
5842,45.00947564734874
14603,51.35105012550598
15220,44.094270308686845
8373,69.72964140367222
16374,54.062527736063466
2648,66.99544533620879
2806,46.8846056488518
9771,66.89747425655116
21530,57.14011717954056
1338,54.375451788181635
26800,49.08062798058015
1816,47.65656099837909
16023,56.543658267935896
24989,52.89360609734142
19937,64.05982767385039
1589,52.851134013734814
12273,52.909824745770706
25306,71.85793963466608
2112,59.62759795465434
27528,72.29858947825971
21522,44.25523763755303
12828,59.88793798361762
9071,55.02498350776936
5750,55.80030107778671
17582,54.99981719278491
25648,52.47742604522584
13695,51.36541416601423
2908,56.96638847572346
763,43.87239905865496
8623,58.360494333532856
19887,46.6501406716294
22369,62.202746431888684
8280,62.3593715679868
14881,50.556107686710654
10277,45.30807695903263
10674,58.31637697773575
18414,48.677134535801784
9376,52.743027920752894
25491,53.194069834230554
2798,56.567388067401566
17487,58.579559614702504
776,67.01785593292858
20098,46.81327904390735
24101,49.770259025570624
21225,58.82865227927451
27745,45.32992198020535
5536,61.96639086428391
14138,56.54341559539513
21231,50.31116945740081
21310,48.596064411398814
25015,65.5889651024769
4789,68.84304877551145
21601,57.82702200964249
10888,61.57587940132138
3383,56.886419176054375
9787,52.84217077992561
23298,50.4035197023394
5526,61.25858513975589
9842,62.18743107285483
21216,57.91150287756666
3859,47.19479912528308
5215,56.5342990927244
11536,54.20903955196124
15299,74.39584332780986
25490,53.24486690893935
18237,51.69335977195919
21113,51.84817188629017
23339,47.52072990495064
11366,46.847901067732145
28517,51.15381964084185
19294,69.87009963991042
8743,61.140459991714025
2169,88.22056462989474
25860,56.64598969046572
18729,57.24804941198707
26579,61.312800722872794
19336,51.96319469588485
21812,47.781715160686524
10407,49.48067384360674
24188,108.84825419933095
7347,47.16889808386976
6632,60.24639888779498
26503,78.73421875387405
13288,59.4871889619378
18188,46.93931562265528
1661,51.41845185356078
7336,51.4791841029281
10782,59.269329047118596
12015,43.59863837410529
11332,45.6847224355947
23876,55.77180226150321
7908,52.813878158918754
23036,74.52591237663579
23222,55.29497752627818
10748,43.308847321453484
14885,45.462479607847484
20270,46.27876323006371
15874,55.5713920676594
21507,56.682421911096796
5219,61.861644922622204
10697,57.29526093838428
19262,56.80395120487646
24420,61.6813336259226
23287,61.23730609346077
3493,67.8312344122397
27625,49.28153563821681
16791,46.12420131834858
26415,101.5564109992518
25982,55.88555936524547
9332,62.41836445802004
17788,52.76230337715254
24038,45.85801993147353
4514,51.267445340511536
11033,44.92312846038142
7218,51.51315252647058
7278,44.37335882271262
23096,53.72742297280606
7669,83.24408920499931
18155,48.90730107719822
12352,59.78951481117508
6189,48.50650039085013
11394,43.611174544716306
25031,54.58015239438358
1685,50.02261384263582
27276,48.203466616620084
8043,50.31714735340317
6689,89.29526059144469
11030,45.57496678487603
13843,54.174862897581086
10915,54.776846991100534
8073,47.290499545305885
26670,51.75035102380618
10958,49.4502422825872
1792,47.48184969532874
11918,65.8079698949339
15396,67.22007376231943
22132,46.11111537942142
8833,71.77894059206537
17915,44.8526996429585
20429,45.497519333100406
12587,54.220906637098956
3422,63.28425276357913
10862,50.72615050377082
27522,45.85935202769695
7469,50.67300358008108
22475,54.794871363471515
13715,49.35160852660228
16421,58.82558734331267
19445,46.49331730581773
28215,60.245661112117496
9041,46.66357578215917
17598,53.97558077780069
8122,50.98720805350935
10501,52.46756276377944
2343,53.34384013662688
21627,48.22310819328417
10822,55.616073776537014
13696,44.04356478131152
23515,46.92552696300899
6092,48.04897768421489
11319,55.658505399842014
18529,46.39761705042346
17196,58.69376746443561
9166,54.41653705098271
28090,58.26895996500737
16070,44.789350274972215
7340,47.67676961403608
26713,67.4138920837501
9823,49.42433847493539
17572,61.895854726321105
1449,58.84522676099762
21232,56.05823701510403
21135,88.88223501489148
8493,51.0927168514055
21010,53.674278913926095
12033,53.42521812613413
16687,52.995868755158675
14754,58.3516688880058
18530,47.587920804922575
14471,51.119880264966085
12168,54.06833452681569
3640,55.37584054517881
35,53.2526623275962
18929,57.81507338698853
5475,52.54811490950213
15495,95.03933762823682
28477,56.59872682098435
22806,49.82962240613511
262,51.45871611511015
11936,56.012164620310195
13710,55.91060004560034
11592,46.568762763555235
17104,55.857525502701705
19539,51.322233109173396
15611,73.68982682122083
12464,54.57344669731055
28509,61.988553577178095
18879,63.16206310439003
18437,50.847104053386
15485,62.296166602165954
7034,46.24673164368461
13352,44.27492037636485
24139,65.40975233837543
26308,73.3918227391346
4417,48.39255061459004
8125,51.28091133265235
18924,47.92289556610722
21488,48.477246921615986
20135,46.557070943148666
791,57.870302800004396
17502,108.36549922382494
16383,46.66211497294176
11428,50.479340510892314
18391,71.86372160521053
10766,52.97055861221928
6464,60.99922490793505
15779,52.38722006248326
16765,58.497396425096674
12336,62.49882113195734
19534,52.05859390359885
11870,68.19129948848486
11291,47.08787495480394
5663,46.14897495952217
20925,87.71690809025824
16236,48.614409917137294
18743,48.69344966981927
5184,52.794287464393065
8674,56.716414431214275
12417,49.46453890617737
20507,60.84000332134062
17556,53.6764891507942
11687,57.837354857606506
27608,51.97949640849928
14104,57.428971425664045
1445,57.63743778770768
19616,57.38907430424302
475,46.6170599097042
3779,50.10811961475645
28023,57.120942658450886
27251,94.08513992003796
14119,61.060557885848915
14100,53.48011220467646
6050,50.84863585987541
13292,48.09840585727001
15020,60.755072608056295
26588,55.459501904539756
3046,40.5667941843879
19968,72.37789087140226
25371,51.61544457215136
23872,51.42292112516175
5212,52.07974492772104
27047,50.52739267709807
20636,62.11827253211989
4129,52.826539404994534
22598,68.78138569853282
10719,56.82461070474253
26900,57.145697843060574
6900,52.174624854379914
17284,60.948666235495246
9189,46.15751639932318
8857,47.85933854741297
7213,57.96690982403846
24656,58.09353549060509
3269,54.569637352130286
1490,55.07212491021118
11501,54.370528401311226
19621,58.72671476727626
11897,48.90229779153549
13386,58.498142698364354
4953,57.85150455348665
3051,62.95530778882681
18586,54.265827517921196
23835,44.6084114029114
1367,56.78766598111896
17475,52.57685389101633
6504,65.62475610375824
26300,50.87819101996524
23491,49.82932134108383
26935,41.84335772465883
20431,90.12178285566958
24841,55.82634089442442
26329,60.671710730590355
24884,61.92616551346926
13271,75.5876692833767
24904,55.94831512682397
10250,52.49938516196283
6224,55.89465558005119
25473,50.79063876734128
13635,57.738071172937424
11968,54.67388964662447
28128,59.52523095464227
15795,55.24424863167513
13353,55.14541638591097
1805,60.762694200484326
15466,56.47671248020083
10352,57.6698829001462
19713,53.431948017403315
10670,64.97472268420016
16708,76.48667237170577
22807,78.40259674487297
6690,63.2192231380385
5916,43.85498748365156
4851,66.66148275133934
22902,104.99045735727509
19132,56.29647749548498
24401,47.31051204393086
23767,63.70088914262756
20179,49.62115387439621
7673,47.41696175011127
17648,76.98841135830182
128,48.60904886110595
17976,43.14889499575881
27731,52.45334600073457
24063,47.34455644827334
874,43.07899104030949
22682,53.27756617542293
11667,67.43633711705027
6771,53.73126469019304
23883,44.34380188681423
18618,54.558412865852006
8843,57.24976577180735
2062,45.66456342207024
23911,59.844230967300675
9930,42.43056226195166
4221,51.700637041134435
8320,49.40195910077025
13675,107.95118433207665
23066,57.228676351671055
21874,52.34172873646007
7137,52.00865569688712
24809,50.16412789879075
20193,52.98213242986312
10616,49.36638177308729
19183,51.703134064519645
6282,44.712237762412364
12954,52.56132666994177
1183,52.6131494496467
20399,52.613092163059996
6836,56.62231443937434
16172,48.84971853480035
1451,50.51997375575518
5115,59.78313974245252
13521,73.31628787441238
27348,50.47471762362443
25492,49.81713745562111
23017,61.179742414472386
11504,54.367523067172506
15238,45.05761387290796
12514,49.658401727863435
10270,64.9946590362811
18499,49.384160163949794
1570,45.28036747827828
23184,57.976807448397246
23139,38.716763307086325
16468,54.2952489335723
18349,48.51816604332537
1340,60.41196471707777
21945,70.82441547587152
15264,55.18464037219944
19320,60.342305678602415
12228,38.422241407130876
25572,48.62167983046437
17061,45.8064231395279
23311,54.75999994450498
13579,49.08933067580705
24759,51.32957501034855
13244,51.889914986047835
9153,44.34980241406116
25269,49.64808619007849
11466,60.96199407933376
981,58.04115096362104
4157,57.50935527243027
3902,51.64321050593997
537,47.05864734608107
25870,55.83706230420564
19446,52.86264221801432
26255,53.33310353580054
5788,81.50731218505783
11161,82.1977991458485
12065,56.03436961367169
16892,67.03756507185238
10388,54.328936847412415
24373,61.44579324650208
24458,52.77413253527599
13963,55.07360686154563
13308,55.17973079198739
500,46.02617397412995
3704,63.984432869791824
17427,53.59893433219561
21821,53.97649157712998
25140,70.26830317252801
13975,62.583504640556455
23150,48.99884434070122
14312,69.02136611072953
12649,47.93380525861617
10885,47.976819878591584
19101,101.51155914740329
5355,54.7902538434048
2137,52.106720681236226
22764,56.83606114475843
3170,92.07091565020275
24658,53.99774349585367
22821,54.41651772468291
20141,65.27619654826398
17363,64.07710149211114
3317,58.626590001559855
9677,51.089562938115556
2158,54.80661775931665
6139,53.5913515664881
8740,52.5310630115325
6673,52.152395170709276
19940,49.983362396517485
20294,68.84560282319424
9117,87.99973535351913
15017,52.37118064144928
23996,46.96676571012459
17300,44.22186809834257
7543,56.134013853271725
7887,48.83704183205031
4451,53.61091330171237
20178,46.77726932455295
15551,57.255713174492584
5139,48.489274467043714
4458,50.74825918500904
10227,59.281969476639055
20988,51.19538561798181
492,56.20197298395939
4141,57.53485926040726
4951,69.25776777858573
16409,45.79533353232292
26771,57.9770914130941
14009,47.81248819216346
4204,64.89155621614984
8162,62.25212847082084
18955,47.85286978773579
18014,47.74822875620526
18090,43.062735121404565
8165,56.47583224969925
5039,52.26174934606219
22141,59.16066240915032
14134,45.746023730733086
3508,52.54778221640952
24891,78.89291122923794
16785,52.13371898007682
5136,55.75006374667768
16835,57.62339923482824
3387,50.31846144213108
5680,43.271641169020434
25098,53.44634845014981
22586,47.66088719635054
972,50.209946367521184
1454,57.08080996322668
881,44.97199187447634
28407,49.98073941599818
10983,58.13334006708853
20489,81.40132813868084
1924,44.67036493669108
26496,57.19254301483403
6718,52.18343792335634
1427,67.1565235356755
18190,50.379190839129016
12161,45.53648964298299
7722,60.24639888779498
3509,52.44324456668076
12770,45.686243489280216
28160,61.18769389472017
13743,69.01359073870826
12767,46.72204975891792
12466,51.07269580788483
24999,56.90177070387942
26060,46.68114118637262
16265,45.15697958152231
424,70.71233273214743
10123,105.24445135847269
24041,50.15757909049777
11629,106.48599075692233
10476,45.71283836799335
23060,47.783181155729615
1739,54.732476480960884
26466,72.62740259994634
14914,46.709510637740145
19830,58.97803870447203
21222,46.798228049974014
13264,44.29073422131738
19420,109.38009332988521
25793,47.33931128267271
26813,80.67238693928331
14977,55.83447496190857
27746,48.77198616031513
24000,47.837009859205864
2857,57.43344885750484
4502,48.64758730288883
18443,66.25659336377565
1742,54.99393463268558
26823,54.16877584569649
20766,102.00633013271982
13133,44.4540953952563
17490,57.34175088128303
16900,51.118597307673696
658,50.61644208911748
13554,47.16755582501331
1938,48.51130918098115
27987,99.04193138407753
14907,56.51383999878789
19401,63.603894749028896
3845,56.15891509273031
7546,47.465363826980116
12190,40.163145852722685
26514,88.98402813281601
24164,56.39934947152146
22957,73.72676222985619
15926,59.60536538621239
5457,47.22747639428988
28183,76.60316943708995
21558,120.95372121156879
16102,58.98405365419234
13268,50.34371401943318
9914,47.9793672705841
26902,50.45404037102993
26809,57.19629265416588
6073,57.66938838284393
11009,52.087903062522784
7753,43.818549798091084
3427,56.469720206439376
26723,53.2855469566381
20087,48.673242882368314
24342,48.48219821897297
23748,51.617690766501674
21172,49.59407339618599
15182,52.15831486723822
3247,51.13035177952087
9154,68.52356855124559
23831,48.10911979813232
27492,50.65778278074634
19156,63.406273327023776
12102,67.60055056867638
18594,55.180668729626696
6070,51.235476537496524
9962,50.77219252344118
22552,49.55717303087149
23376,51.387168033946956
6746,63.505695164310566
10242,54.71079162424539
6789,77.08470510496738
21508,52.64388409654801
21669,47.575214634859506
18058,52.00819584130422
11488,50.27674959605967
16517,44.48794158983924
10701,51.6171128137913
2725,62.21898523249228
14094,59.66213917268312
13928,70.86113453360056
2768,49.1271362366641
200,53.26067389524327
21026,52.39474436308181
5237,46.582195861027515
25134,47.21792957704999
21274,77.47242916489674
27322,53.33207503226927
18220,47.71367599324834
11896,49.73546142834391
12688,58.17112996795407
25131,48.916496797423676
19735,53.310641966739624
19264,46.52413342365609
2901,64.41122693415194
7232,44.19505910119955
12482,51.192161879714774
2981,47.61168600758887
11655,45.06055026889034
16241,48.6898008890757
448,49.34478534516486
27971,61.44116572501214
20960,51.11962376660679
18341,48.486400880456344
8483,56.00936832947514
486,53.39516011302951
8664,50.604805168161676
5686,48.55727310951505
19329,66.42976497577656
12515,58.094715965382434
20844,47.919707637896444
1279,79.89584457654658
25519,49.97499163384926
27567,46.74316710330029
15880,106.69529612201359
24091,44.11133512588184
20833,58.721058901851166
4689,45.81569577138167
10128,49.49602314859421
22970,61.88207212503649
19115,61.99649689170727
1283,49.24091446505843
929,46.61131422871072
12619,72.46497540496821
15474,54.16899752927791
14879,43.63845891733504
15051,61.031938519030746
16469,47.88271513396779
21674,53.62147878405528
10608,49.03638873354159
7668,87.55554939776393
27178,60.33070829001902
17918,42.63929956472834
4352,52.79145042628088
9949,56.61370425912648
19790,54.69991297797456
21280,53.48448280767659
14203,51.16962411191377
27521,48.05607852456094
15538,55.46927452787806
25021,49.772921776125784
17532,69.70676595430011
11418,49.66936906331422
19686,48.35433291627795
25179,50.288209671638214
6731,46.55091531758438
19315,56.776261578392806
21072,50.305595163170715
8887,50.29963776658445
23009,51.05502192259894
2519,44.551057858345615
10095,56.565900077700064
10736,56.92128248726334
26284,59.336498267434834
27158,46.551836826464736
3736,55.110296372366484
25169,43.058638971438576
28001,58.521585710363105
12851,48.45472212526138
12149,51.375199183010146
9045,44.85635028881428
24768,52.30760136452497
27367,49.83997675610517
9627,56.44460303363496
15278,58.74350780823599
15732,100.58798793168802
21193,45.713339634236085
2042,48.56861037771596
21176,64.10554812139917
292,50.84527986043519
16193,51.00021135830788
1267,48.78288530643342
12284,55.85140845507725
8958,56.96321636215411
25744,50.354703098812436
18327,46.66238503257328
6693,53.37757197929586
24478,53.36895269184716
11986,48.3680538347814
12970,44.22362253941062
6527,51.39176899955742
15798,59.407900883999176
1766,57.65214707164934
17768,58.19820445478415
12100,46.547136517547855
20702,46.29213061112058
28388,53.87945660370931
24501,70.05570495961283
4392,45.38253267808045
28182,45.056837800853096
11143,48.691256374210305
22700,56.2585494451729
21948,51.95399072458826
6436,57.07387407588514
7299,48.90418047928728
6461,73.22203925439518
24866,55.82576592032567
6166,63.731621930599786
11021,49.06451762594456
12728,63.82526598451038
13518,56.765517524218716
5654,46.90963546949648
25536,63.73968296737664
5450,52.14078229255177
14942,51.686788312855064
16544,52.91510477130741
10424,54.53194285796856
3103,47.20985858970461
2542,41.41098658443012
27628,53.66872544489145
21838,46.772980808148205
24864,95.07421027780674
20606,49.013210287650494
19269,55.86785719940245
20078,48.90953141101138
10055,47.705019849358756
20510,47.907268119825176
641,46.43199512446684
2172,51.759931789607606
27271,48.19373121256241
23839,48.77705075333208
25188,51.91402253491569
12229,66.9386766407202
7421,54.50052136194881
22619,45.83177181962931
7516,72.04818622087976
25023,62.24671227656357
954,46.36867914042968
3807,50.17468105784212
11108,72.56007750882793
2389,62.31017889489597
3173,59.779430311038354
19359,51.96292690309671
14581,59.63103794997927
11334,49.149250411975245
26577,45.53793503573817
27035,49.3224824596259
21987,46.5651729323293
23544,49.828383136628354
10382,52.08786032263957
27662,46.932565112428094
3489,48.343248562211336
26868,45.026246872406126
25070,57.44912740113428
27453,56.11604995080754
4035,45.660475120064035
1203,48.55890815967916
4541,57.137428615814216
9126,65.06114487417184
11579,54.784543420976725
15649,57.84297764567766
13341,51.0077800587192
22511,49.65384818661589
1323,50.46064215439533
6603,59.28860025977102
9464,66.64256250487819
16115,50.927975226638665
11314,50.264187393128665
10557,54.65542652574517
9608,47.241862649947535
27516,52.16579760917815
12321,68.80951183979943
11204,59.64921542588017
27841,52.09604966954731
13652,60.7131832431145
12755,72.64531045432456
13367,47.53914029775177
928,50.529791835691206
10761,74.94757710306145
6495,93.72596486128054
26394,66.721711957098
23650,60.088870568821
6864,53.062404194639115
4297,51.3629669539536
20445,53.16663778269497
25266,44.46246196371142
19705,59.33857296398437
8644,53.87431861935751
25307,64.97010172935191
4700,44.91786494471087
23964,47.06092707758043
19377,62.47886206070961
11741,46.14282207254127
10298,56.29497040621034
8059,82.36698940211602
25207,45.00642235475539
12025,56.434314383548475
8374,58.63538573567138
11840,91.68739344398439
7468,57.37467651248171
513,50.393359380631544
19773,47.13023466831346
25876,56.78821530889116
25321,74.77906833556337
11199,41.15050092731994
6532,64.65810779445584
23935,58.20072650840943
5713,47.437913468283625
19328,55.88124159595199
1457,54.64644150689348
18171,49.689182970509314
17152,45.44617847358764
14792,43.90074742999214
16553,57.98712113034207
11375,55.56044084722112
26174,43.60720563003143
26972,54.86348095746616
27606,46.311369135477314
2509,49.0637571876875
4373,65.70474610834717
24022,60.06462497374162
5101,107.97110744269641
9227,64.81784922494899
15354,44.10907581801523
4481,49.26957001748467
20195,55.36574204642358
25079,52.175268430957935
13236,45.97632769346616
231,48.742354794588934
22832,71.05601913733246
4746,54.40981505819134
7517,49.50759535350235
20850,50.06372287769644
22428,55.74700206998876
23952,48.817118404301105
26425,90.26435815028563
12309,52.95349797719733
21600,56.26051484158733
9202,49.385020481741606
28107,45.097959208425046
6553,72.59020986146541
22182,60.14302538553483
1554,50.67911361725625
20419,55.47371825738457
7389,49.53296111303907
20279,48.294569732149355
7764,45.881019104153644
21463,48.17598001214993
10008,47.83093972282002
5698,51.61803058599614
3024,47.95616020618478
26925,45.225260421960776
3877,119.17321740486028
17235,48.75361694944562
1902,49.012145683373625
13207,48.28155022422534
6858,94.84751503580168
1337,53.0882219060784
8688,47.48490198819084
20550,46.82758212528929
18585,54.029771651967614
15018,61.02069685285862
1471,52.11277464406706
19843,46.05755595742964
15672,55.80722588775095
8605,73.75031879846736
24475,50.92464026454621
1643,58.877336205278056
2665,50.86012911708403
14991,59.833846082606286
22522,44.15480849537149
4085,47.78358308516583
4775,77.16987877866944
20694,79.95396261835229
6745,57.15143053026165
27280,57.268322083996765
5639,49.46644782555816
8133,67.71582284512913
9569,49.2782119964252
26141,49.81424880484249
17441,62.35916500944941
10951,59.286150082691584
20534,70.45582936987881
12574,49.90621478742591
6704,49.71229136695016
1216,61.58221063111371
13589,46.332929978332935
28398,58.94470381365786
8869,56.16283523899188
15377,65.8479769974569
14274,52.69701210599543
8648,65.95585985470696
26418,60.31750059723414
25611,51.872894263196
10176,46.212844637132555
1716,55.39563741914832
11015,47.78152120928955
25607,51.80526235069177
19313,55.67197904890258
26482,57.566789885367584
25316,46.91688413812855
7699,63.857708713087426
9150,57.53302220631704
21171,50.362919795071534
19025,57.84501959732848
17094,51.05759494471756
1890,46.46618611868248
26431,50.29881007914379
19215,77.96992055076177
7823,75.50722561855314
13467,55.96362706226057
17445,52.957503726258615
16085,47.96466525250578
6528,52.77755421167224
13470,48.30676686721506
12951,61.65941245279325
6146,51.040369892182035
18319,68.49695204908048
2533,59.53837871193428
937,50.88643330041424
26456,52.26942856956571
21431,65.8438404790095
753,45.6887680017755
13019,48.09171966687378
20320,55.948945878019146
27718,57.684467371102734
22033,91.6336447739942
13822,67.88727224604038
21913,51.02809827258411
12621,59.705306961903844
26512,55.84768073306082
23597,57.570050488284465
11312,51.07898385552463
16828,65.09220404188548
4750,48.593332850491976
4986,73.40290044750449
17240,93.62531299001856
6558,55.23296193678521
16648,45.54792585657663
9560,47.86112308196952
27092,47.11221348043131
4348,45.61690965645617
5772,59.08523322061697
8933,46.05924505749841
2933,50.63860892761306
9694,60.410275185069644
28120,50.72011066175199
23622,60.364800318603535
24449,51.04969413379319
16720,84.35602065697542
20676,50.22941195736292
27738,48.06895472896957
4480,45.20134149932111
27433,55.92115859389276
6291,46.47174614553831
1046,46.86615134011472
15398,52.81120649895399
21344,87.05023943209929
9708,54.72192771390058
4585,64.74638845402993
9505,73.78704167925784
6317,52.46575265397451
19805,51.00024921425655
23283,45.688312801519956
13513,44.26742611348132
4901,64.90988830233574
12433,54.400700578062285
14281,49.94780192093301
22775,60.84291746407962
16642,49.8416118389597
13142,54.08424689766634
14580,46.04941641557312
18710,51.633578224320416
25211,44.76074950199007
5344,48.16804273003379
14238,51.922503551902174
7809,42.655024120094254
4286,57.73121806105952
5763,64.45247491423332
23598,47.32042186445353
7440,59.14854414308267
21997,56.53781588398505
19925,59.02031237570438
4485,53.02024806975284
22454,58.42526615480959
22267,51.38424849661952
6518,57.69043678162302
18251,62.68604108884908
27800,51.41269159645822
16037,62.59399604203226
25728,43.309869281146646
19641,81.60950564026743
18132,69.06661349930818
14156,51.03708419659659
28250,95.37276878359117
9995,67.11506314301116
9881,52.50519475587008
21340,54.45650412321042
1948,51.29530456114621
10514,55.64217699235653
16175,54.408860898073726
26576,47.427893888685404
4660,51.77578300360927
7008,52.73435165279416
4679,44.32314146556622
20847,48.79506113139509
4846,103.67699765470229
5865,66.85946933303045
27048,49.26421705512296
25357,54.34829028820527
1960,46.92187405657529
23125,48.20124318413437
4105,51.90330796333046
15140,51.28904571358987
12365,49.11526992384998
2930,52.651401166756585
24291,52.841459272346455
14653,48.909467462352026
4904,58.86398559885512
24122,49.40626997295344
21513,58.12746236087137
11548,46.031931901017806
7768,81.91214254638945
1114,58.92329052764393
36,57.95404474159504
1731,74.27183241285897
11217,62.32888807410255
1472,48.98566862580253
18934,54.96884979490365
7827,50.23001531100903
11869,51.501051416229565
4891,53.15809245579484
1423,49.524998497570486
8649,54.701600106629925
4646,57.8313762559385
23475,45.23102515838297
2056,56.353160668394125
17268,66.61037607528976
14743,47.25181868675997
22426,60.39508677349321
9858,109.12918577673562
7892,47.09066135231604
18028,56.44727891038513
16778,46.501621231216895
1636,60.36912380727825
2959,47.0269184812709
25943,51.05029815898644
13656,56.48982916502827
10564,57.48069847073226
11417,52.73259843368932
24941,68.9085153525122
9805,68.0709532785481
8932,54.735425133591285
7899,48.273105366125975
5517,48.557683822521916
383,53.946815478090954
23587,58.13711064780327
5226,55.60291854163001
3123,49.09720565605285
25182,48.82268026350094
11671,53.42150130972018
26517,57.39732836948292
3538,44.931780193785215
23693,58.610920175933
26607,55.68884411285422
8120,68.49793573351265
25254,45.856101252480975
17084,46.17785013038068
16712,44.39418555021492
24538,54.747651603771445
4414,55.89011644927634
8778,68.14727584102144
10297,48.51797491452912
14067,47.73895559722109
3932,58.21891996782474
24431,57.852127414727086
19279,52.40355727577975
21061,68.96775542116737
28118,55.23579962674145
10043,53.00972552244986
19221,54.12986696949376
4385,43.259707993319054
13621,47.78213344571727
2405,54.22545656243958
23118,49.82788801589862
26569,51.55396031878299
15808,48.884629198667035
8092,59.82130949011069
13463,41.51544828053905
10595,41.45237225513229
25715,44.620495185642696
22201,60.267048104529536
23166,50.13165737859214
2409,52.91053524507118
26983,54.636821353466146
2143,61.23623433161428
6152,62.800506595369576
15192,61.04336228977424
11575,48.70312783139876
11754,69.14400541950741
18497,51.13670442744693
7052,72.05307706313194
12556,56.33544689773637
3231,53.99563938896976
3595,45.0647327642853
15559,62.456707653858224
4048,47.69350371648847
9044,50.666036366158956
20880,52.826637558328585
19955,45.04857791037029
9508,44.75072462525675
10936,91.05416865698454
2541,48.517401981173016
6713,52.38093578983026
9056,48.388591238481965
17221,54.74845100187302
9199,41.48655973432943
21704,53.79662809168887
16690,45.50068034893529
11507,55.84449834933152
12525,52.57758989865907
9503,57.96196872409828
3726,44.06018434210473
25608,58.14247681781855
22295,43.99917198067931
15056,57.33585313828044
1667,51.83447968726884
20354,53.03800344037852
23244,54.61432955767332
25168,44.0816516152339
20731,54.9659279747674
17822,48.06004155577262
17706,47.13978539066775
994,58.65109794785476
7485,53.510558233076
11258,51.38481084176718
27302,51.91288526729729
28089,64.77529905132627
2562,47.57167831546797
4739,46.01326695330983
6109,45.87233249405117
7429,54.87134260263271
16438,56.98133008626175
803,53.79789132526487
12246,54.54916222535941
16086,56.155641583315564
11406,41.60632533525033
21680,59.66513437059048
9113,50.74278073726407
8226,60.94199300459503
15665,58.497997761448495
11007,61.338886377683295
6620,67.69727028185162
18616,51.68052528089036
12899,67.07214786749066
14710,45.015002078526216
13837,48.9758182647404
7975,47.491390354645915
23037,72.67101780494889
3753,44.5707198067479
7294,46.206962534170394
737,52.430977673710494
8294,83.7013255353765
16606,66.15736012590827
284,58.580754650339884
11842,64.72808195456287
24086,51.76301464696502
2251,45.9819332065051
2260,44.56198682331985
8736,51.36926361819065
16974,60.20297502147496
9723,46.330097653272624
6760,62.30125596061475
6272,48.30293628512652
9873,48.996826269027274
24710,55.46942593293334
15309,52.08404189349733
6179,45.9400495579216
13631,59.75836942068076
22100,47.75228709958317
14777,48.64812056636417
2580,49.027264373784774
27520,60.48228319324639
16317,52.09061958677975
10516,58.459342261053195
2623,53.66521397403255
22345,51.16955975119535
21460,53.195383967672
1806,54.35243564525204
17050,53.53599331014541
2317,53.7763896041435
24547,46.36005957572327
20677,57.58581136301586
5378,70.67196259586729
4171,61.054648074058576
21019,52.60580322769251
24986,59.33546243693303
11984,50.36182469991184
2085,50.71008272896011
8189,53.02182774951189
26520,66.06922610979896
24471,48.914569650568566
27457,47.75924405256449
10390,54.973538251216915
21271,56.79330455506677
23075,59.30878228670489
5221,56.990286471181115
23104,52.35031358428514
3471,53.46070975331562
13525,56.094553191965154
17168,53.736300548524454
24020,48.88042461772417
12704,51.04162535983558
8038,83.63920023627995
6150,44.3005583126923
9645,51.27969811720827
13313,45.274883815308385
5437,53.9408318052075
16125,47.62641953375201
10631,45.12344179248633
18532,50.019571358592934
24679,60.79390174388902
19048,73.8374911822848
13782,49.94968748854403
19869,44.00490011548604
6479,49.29272983423124
13112,49.39951755880525
11698,51.662256034739485
18326,45.252162113238974
12462,61.760624215200195
27603,47.37156053377749
8346,79.02544826903903
20353,69.48012635695189
20846,49.92369940166899
20827,61.04877655837886
26372,45.10291766808125
11747,59.76877921915361
11321,50.15411517091351
8193,50.09626734218951
11176,42.40408136624983
8228,79.39054077212522
10286,52.214076664339785
3395,55.63344865979683
1180,53.84310536371187
7547,65.17821040771446
8408,54.37080968212038
7365,57.264968067035724
11276,53.34339396804299
7092,49.47241809989914
3708,47.905343370484694
11260,67.62202106807011
8366,47.28881237473176
19061,50.59633451421541
20085,48.34609576415751
24512,88.49590033605332
24901,58.27549873968928
6419,63.452363012149476
22173,43.65184371454093
1122,48.22773007489061
4975,54.433746558099266
25154,54.28940595857743
22177,51.38239336240785
960,51.51092641304799
2363,47.66212395927831
5911,50.82014957390195
27845,50.18408303314494
19909,51.87131980504497
17380,49.51020659946085
16162,50.4570092035412
3711,48.35250915861426
15974,47.69838646401712
12472,45.664041552577906
7610,48.08206904659748
5876,42.13077226210535
16004,58.87266267179204
18790,48.96244011216967
15696,51.725184291816134
27572,63.339790403425454
27548,50.23366559454891
12661,47.41498023971627
12086,53.16771989032646
25515,52.35934131849114
15042,52.178983309845165
10100,57.772453553735346
6245,44.97864303388224
11932,60.91513934310511
9442,50.82116846036067
17124,48.69588186764219
1164,48.031392143448116
1176,61.62983419088877
12171,52.660597954107196
15179,43.15664251988845
7443,50.889947079126514
26263,107.44656878835129
4686,56.2905998989253
16027,48.89947087257321
12702,49.449273474624526
2278,48.674348421619726
28376,47.977102107178666
14851,45.42178888903251
28058,58.70548308605634
3886,70.95265231862051
21012,50.022374370079014
27907,60.05784961335117
25818,54.751394560268494
13816,60.34252308189273
148,42.93644541125782
23557,39.4915492400013
17555,59.75638955323116
5211,82.18494243903652
26543,45.06665796675719
5149,51.50238717534033
9802,64.74638845402993
44,50.564443288327894
20983,59.63590382165034
19744,48.64699161528082
19452,50.634029441773954
4547,59.59797439270557
4933,46.44549431838287
26424,46.756969939818966
13252,47.99766874207024
14845,58.454165003151815
27614,54.68422504265457
19753,49.201109686811094
23327,57.747585665935695
20722,59.33790086943504
13633,62.41425709610153
5730,59.881227935596215
21911,58.52074470032446
21697,47.03227156368297
17157,48.18488450293283
21191,58.69506561366446
26639,57.25845120146626
2885,59.49028233040212
5565,50.18125878585961
26617,52.80107862127672
13811,56.604378923148325
12217,62.77291867668606
20834,65.56341062378156
4340,51.30515075316327
26857,63.31311324741329
2695,63.757116326083306
997,55.297131244672684
11598,46.0699861035748
18798,54.62944969507397
17406,57.707482914559556
12265,58.27494697666128
5473,56.626830702753544
10147,59.21158364462954
22726,49.91223996889819
24183,58.940944938037056
22467,60.46760124652411
8282,51.95336006600417
7569,56.581116341892425
25762,58.28303626207595
18892,85.33282836538612
23193,49.47815253189689
2446,49.526420474288415
16309,47.971352094945296
8022,61.88264872525505
6608,66.88063728564998
8923,48.40987048438667
19698,59.632290381634235
11819,88.65854389436339
23948,41.68886189238417
897,52.224570742743666
18730,49.82578238051288
23850,56.87226902420634
9348,46.31941058686174
15522,56.25203324859864
13022,51.27901578138967
12644,45.466124824832974
24525,45.555908602485154
25578,43.43687985814152
21178,55.46257793680971
23616,51.471324347519094
10155,49.576720909439736
14020,51.6574813373033
1819,48.79164442906358
22490,48.43202569287294
25236,51.091078600376775
17746,55.155791524177424
8455,49.131806919868794
27032,45.76125990771921
4707,56.11573177353449
21741,45.3712327557423
17474,54.73130658262034
4253,51.05719956352039
15507,65.45513849921363
28512,58.71647859017858
14631,43.84825396671042
5222,46.386382926090214
12158,43.6385600911043
5199,54.710782935048776
19732,60.89004521774771
22233,47.91105228656978
26427,68.47273366324185
20414,70.02042115739516
10769,46.82246228953398
27406,44.66277288620966
26787,49.73745305890247
19474,83.81217115849577
17193,76.41265923512243
15970,70.86178550938088
539,53.675279540310704
17885,51.66941220203336
28420,51.08267422054789
15197,50.52002369488469
16633,55.19894784759336
7754,48.30401056809826
21528,47.09548700837211
23495,52.24143553864175
23589,57.15169429381571
12037,82.27330928438397
1324,53.2366136223964
20590,47.542015995239574
15215,60.249439807389045
6780,47.453016390739414
26272,54.53197032134578
20781,41.00496548070893
14035,48.08751696475146
28381,45.93225343933835
3028,64.03372990840282
23818,51.203702799178735
21603,53.86079127109921
18591,56.85027753638604
8673,74.0769357880974
5041,49.80191505719514
16005,62.09164835258865
504,67.72315327692259
15316,58.49900466430879
18562,61.81720757898336
22379,51.504804722460264
28242,53.24292121761523
14256,46.688743893357255
15773,60.47475799465729
21882,56.080712523892466
7095,45.013400576029525
24385,57.14728703827842
17420,67.90823513727767
8427,53.83239855542672
11130,41.4228541735132
18389,55.85251451546592
12519,50.55643758188679
7305,53.92066363091351
6651,73.55975780028314
21953,56.968518179055266
20376,63.014139315245785
4179,49.51000590656069
21214,48.898240450294296
18328,42.974816112684906
19575,71.03465541553568
13985,66.91679394395246
25176,53.73622973151554
6425,54.31058487571862
21510,44.73888540521162
19930,55.29551667893348
13692,53.98065576753442
26949,47.498478000561704
4844,66.83363608013352
26976,50.34096618783526
6493,80.83566622862456
9528,51.07831449834517
17329,54.242858752633815
6240,51.25066493963123
27677,73.39464786876977
27117,56.73049333531137
7398,47.97113623006894
20797,54.080515469018806
22269,48.15016990690136
14294,52.87648582144577
3698,45.802201050291785
24266,59.34943752480709
1531,48.85591744927388
18176,43.50784577950259
3579,50.78029190336518
15336,45.15041197255887
5755,44.4649338622397
24790,57.88607267565978
14835,46.10389916289815
27554,50.10541187411995
26297,49.87127632470729
1963,43.1745302032224
24423,55.745049653260054
14628,46.451803528470045
8440,50.319761836049636
10505,58.859112104396175
18056,72.0488251999175
9536,43.92677188233613
23069,53.33576550113603
6165,51.5791189157696
